{"cameraMode":{"drawMode":0,"name":"Shaded","section":"Shading Mode"},"sceneLighting":true,"audioPlay":false,"sceneViewState":{"m_AlwaysRefresh":false,"showFog":true,"showSkybox":true,"showFlares":true,"showImageEffects":true,"showParticleSystems":true,"showVisualEffectGraphs":true,"m_FxEnabled":true},"in2DMode":false,"pivot":{"x":-0.15435791015625,"y":0.7720345854759216,"z":-0.04086736589670181},"rotation":{"x":0.036957014352083209,"y":0.9630032181739807,"z":-0.19320614635944367,"w":0.18420636653900147},"size":0.2913396954536438,"orthographic":false}