{"cameraMode":{"drawMode":0,"name":"Shaded","section":"Shading Mode"},"sceneLighting":true,"audioPlay":false,"sceneViewState":{"m_AlwaysRefresh":false,"showFog":true,"showSkybox":true,"showFlares":true,"showImageEffects":true,"showParticleSystems":true,"showVisualEffectGraphs":true,"m_FxEnabled":true},"in2DMode":false,"pivot":{"x":-2.016450881958008,"y":-0.033378660678863528,"z":-1.3786520957946778},"rotation":{"x":-0.19531205296516419,"y":0.7452558875083923,"z":-0.24779732525348664,"w":-0.5874053835868836},"size":4.400838375091553,"orthographic":false}